,Population size,Average generations,SD generations,Average fitness,SD fitness,CPU time
0,40,43.8,3.7527767497325675,96.95899999999999,0.2442407593688008,1.4395301
