,Population size,Average generations,SD generations,Average fitness,SD fitness,CPU time
0,590,375.04,30.013163778582225,80.14633898305084,1.9700859810293716,460.62300948200004
