,Population size,Average generations,SD generations,Average fitness,SD fitness,CPU time
0,230,55.48,8.912163972159997,89.7675652173913,0.5724368657222114,16.315873423
